timestamp,timestamp_iso,requirement_norm,accom_type_norm,gender_norm,food_pref_norm,furnished_bool,red_eye_bool,area_norm,move_in_date,move_in_date_iso,rent_amount,rent_amount_num,lease_duration,lease_duration_months,utilities_included_bool,bathroom_type_norm,distance_to_campus_miles,people_count_num,description_summary,contact,heat_available_bool,water_available_bool,laundry_available_bool,other_details
4/20/24 8:15 AM,2024-04-20,offering,shared,female,veg,True,False,roxbury,May 15,2025-05-15,550,550,12 months,12,False,shared,1.2,2,Cozy room in quiet apartment near T station,meera.shah@gmail.com,True,True,,Pet friendly
4/20/24 9:23 AM,2024-04-20,looking,2 bed,mixed,,,True,fenway,June 1,2025-06-01,$850,850,flexible,,True,private,0.5,3,Need spacious place close to campus,+1 857-234-5678,,True,True,Parking spot included
4/20/24 10:45 AM,2024-04-20,offering,private,male,non-veg,True,,mission hill,available now,,710,710,6 months,6,True,shared,0.8,1,Private room with large windows and desk space,raj.patel@northeastern.edu,True,True,,near bus stop
4/20/24 11:30 AM,2024-04-20,offering,3 bed,,vegetarian,False,False,brookline,May 20,2025-05-20,650,650,,,,1.5 miles,4.0,3,8573829471,yes,True,,,
4/20/24 1:15 PM,2024-04-20,looking,studio,female,,,True,cambridge,ASAP,,1000,1000,12 months,12,True,private,3.2,,Clean studio with natural light preferred,ananya.desai@gmail.com,True,True,,Quiet building
4/20/24 2:40 PM,2024-04-20,offering,4 bed,male,non-veg,,,roxbury,June 15,2025-06-15,450,450,9 months,9,False,shared,1.1,5,Room available in 4BR student house,+19174562890,True,True,,24/7 security
4/20/24 3:55 PM,2024-04-20,offering,shared,female,veg,True,False,allston,move in: may 1,2025-05-01,500,500,,,,shared,2.0,2,Shared room with another female student,priya_boston@yahoo.com,True,True,,WiFi included
4/20/24 5:20 PM,2024-04-20,looking,1 bed,any,no preference,True,,back bay,mid May,2025-05-27,$1200,1200,12 months,12,True,private,1.0,1,Looking for modern 1BR in luxury building,contact: 857-392-4756,True,True,,Gym access
4/20/24 6:10 PM,2024-04-20,offering,2bhk,mixed,,,True,fenway,early June,2025-06-27,575,575,6 months,6,,shared,0.6,3,2 bedroom apartment near Fenway Park,vishnu.iyer@gmail.com,True,True,,near T station
4/20/24 7:45 PM,2024-04-20,offering,private,male,non-veg,True,False,longwood,available now,,710,710,flexible,,False,private,0.3,1,Private room in medical area perfect for students,(857) 445-3421,True,True,,Close to hospitals
4/20/24 8:30 PM,2024-04-20,looking,shared,female,veg,,,brookline,,,550,550,12 months,12,True,shared,1.8,2,Vegetarian household preferred,neha_2024@northeastern.edu,True,True,True,No smoking
4/20/24 9:15 PM,2024-04-20,offering,3bhk,male,,True,False,jamaica plain,June 1,2025-06-01,750,750,12 months,12,False,2 bathroom,2.5,4,Large 3BHK with parking space available,857.392.8472,True,True,,hardwood floors
4/21/24 7:30 AM,2024-04-21,offering,4 bed,,non-veg,False,,roxbury,May 20,2025-05-20,400,400,,,,1.3 miles,5.0,,karthik_boston@hotmail.com,yes,True,,,
4/21/24 8:45 AM,2024-04-21,looking,studio,female,veg,True,True,cambridge,flexible,,950,950,6 months,6,True,private,3.0,,Studio near Harvard Square,+1-617-234-9087,True,True,True,Prefer quiet
4/21/24 10:10 AM,2024-04-21,offering,shared,mixed,,,False,mission hill,ASAP,,460,460,9 months,9,,shared,0.7,3,Shared room available immediately,aditya.sharma23@gmail.com,True,True,,utilities split
4/21/24 11:25 AM,2024-04-21,offering,2 bed,female,vegetarian,,,fenway,May 15,2025-05-15,$570,570,12 months,12,False,shared,0.5,2,Furnished 2BR perfect for grad students,contact me: sneha.rao@yahoo.com,True,True,,Female only
4/21/24 12:40 PM,2024-04-21,looking,private,male,non-veg,True,False,allston,June 1,2025-06-01,650,650,flexible,,True,private,2.1,1,Private room with private bath,8573345667,True,True,,Parking needed
4/21/24 1:55 PM,2024-04-21,offering,1 bed,any,,False,,back bay,move in offer,,900,900,6 months,6,,private,1.2,1,1BR in historic brownstone building,michael.chen@gmail.com,True,True,,high ceilings
4/21/24 3:10 PM,2024-04-21,offering,3 bed,male,veg,True,True,roxbury,early May,2025-05-27,535,535,12 months,12,False,shared,1.4,4,3BR apartment with balcony,+1 857 445 9023,True,True,,balcony access
4/21/24 4:20 PM,2024-04-21,looking,2bhk,female,,,,brighton,available now,,$750,750,9 months,9,True,shared,2.8,2,Looking for 2BHK near green line,divya.krishnan@northeastern.edu,True,True,True,near grocery stores
4/21/24 5:35 PM,2024-04-21,offering,shared,mixed,non-veg,,False,fenway,June 15,2025-06-15,500,500,flexible,,,shared,0.6,2,Shared room in Fenway apartment,rohit_617@gmail.com,True,True,,Fenway Park nearby
4/21/24 6:50 PM,2024-04-21,offering,4 bed,male,,True,,jamaica plain,May 1,2025-05-01,450,450,12 months,12,False,2 bathroom,2.6,5,Room in large 4BR house with yard,call 857-234-8890,True,True,,yard space
4/21/24 8:05 PM,2024-04-21,looking,studio,,veg,True,True,cambridge,mid June,2025-06-27,1100,1100,6 months,6,True,private,3.1,1,Studio apartment near MIT,pooja.venkat@gmail.com,True,True,,Bike storage
4/21/24 9:20 PM,2024-04-21,offering,private,female,vegetarian,,False,mission hill,ASAP,,710,710,flexible,,,private,0.8,1,Furnished private room available now,Text: 8573920847,True,True,,Quiet floor
4/21/24 10:30 PM,2024-04-21,offering,2 bed,mixed,,False,,roxbury,June 1,2025-06-01,575,575,12 months,12,False,shared,1.2,3,2BR apartment with updated kitchen,sanjay.mehta@yahoo.com,True,True,,new appliances
4/22/24 7:15 AM,2024-04-22,looking,3bhk,male,non-veg,True,False,brookline,May 20,2025-05-20,$850,850,9 months,9,True,2 bathroom,1.6,4,3BHK for group of friends,group.housing.2024@gmail.com,True,True,,looking together
4/22/24 8:40 AM,2024-04-22,offering,shared,female,veg,,True,allston,available now,,500,500,6 months,6,,shared,2.0,2,Female roommate wanted ASAP,kavya_allston@hotmail.com,True,True,,near bus
4/22/24 9:55 AM,2024-04-22,offering,1 bed,any,,,,fenway,early June,2025-06-27,900,900,12 months,12,False,private,0.5,1,Furnished 1BR in modern building,Contact: james.wilson@gmail.com,True,True,,Gym in building
4/22/24 11:10 AM,2024-04-22,looking,4 bed,mixed,no preference,True,False,back bay,June 15,2025-06-15,$1000,1000,flexible,,True,shared,1.1,4,Group looking for 4BR apartment,857-445-2341,True,True,,elevator building
4/22/24 12:25 PM,2024-04-22,offering,2bhk,male,,,,longwood,May 1,2025-05-01,600,600,9 months,9,,shared,0.4,2,2BHK near medical area,arjun.reddy@northeastern.edu,True,True,,hospital nearby
4/22/24 1:40 PM,2024-04-22,offering,private,female,veg,True,False,cambridge,ASAP,,850,850,12 months,12,True,private,3.0,1,Private room in Cambridge apartment,+1-617-883-4521,True,True,,near red line
4/22/24 2:50 PM,2024-04-22,looking,shared,,vegetarian,,True,mission hill,mid May,2025-05-27,450,450,6 months,6,,shared,0.7,2,Vegetarian shared accommodation,preeti.singh@gmail.com,True,True,,No alcohol
4/22/24 4:05 PM,2024-04-22,offering,3 bed,male,non-veg,False,,roxbury,June 1,2025-06-01,550,550,flexible,,False,shared,1.3,4,3BR apartment with large living room,8572239847,True,True,,storage available
4/22/24 5:20 PM,2024-04-22,offering,studio,female,,True,,brighton,May 20,2025-05-20,$950,950,12 months,12,True,private,2.7,1,Studio with kitchen and private bath,sarah.thomas@yahoo.com,True,True,,pets ok
4/22/24 6:35 PM,2024-04-22,looking,2 bed,mixed,veg,,False,fenway,available now,,650,650,9 months,9,,shared,0.6,2,2BR near Fenway for two friends,tanvi.agarwal@gmail.com,True,True,True,both graduate students
4/22/24 7:45 PM,2024-04-22,offering,4bhk,male,,True,True,jamaica plain,early June,2025-06-27,750,750,6 months,6,False,2 bathroom,2.5,5,4BHK house with backyard,Call/text 857-992-3401,True,True,,backyard included
4/22/24 9:00 PM,2024-04-22,offering,shared,any,non-veg,,,allston,June 15,2025-06-15,500,500,12 months,12,,shared,2.1,3,Shared room in party-friendly area,alex.martinez@gmail.com,True,True,,near bars
4/22/24 10:15 PM,2024-04-22,looking,private,female,,True,False,brookline,May 1,2025-05-01,$800,800,flexible,,True,private,1.7,1,Private room with own bathroom,priyanka_bkln@northeastern.edu,True,True,,Safe neighborhood
4/23/24 7:20 AM,2024-04-23,offering,1 bed,mixed,veg,,,back bay,ASAP,,1100,1100,9 months,9,True,private,1.0,1,Luxury 1BR in Back Bay,contact.backbay@gmail.com,True,True,,Doorman building
4/23/24 8:30 AM,2024-04-23,offering,3bhk,male,vegetarian,False,False,roxbury,mid June,2025-06-27,650,650,12 months,12,False,shared,1.4,4,3BHK vegetarian household,deepak.kumar@hotmail.com,True,True,,vegetarian cooking
4/23/24 9:45 AM,2024-04-23,looking,shared,female,,True,,mission hill,June 1,2025-06-01,460,460,6 months,6,,shared,0.8,2,Female student looking for roommate,meghana.reddy@gmail.com,True,True,,Clean environment
4/23/24 11:00 AM,2024-04-23,offering,2 bed,,non-veg,,True,fenway,May 15,2025-05-15,$575,575,flexible,,,shared,0.5,2,2BR furnished apartment available,8573348821,True,True,,near ballpark
4/23/24 12:15 PM,2024-04-23,offering,private,male,veg,True,False,cambridge,available now,,850,850,12 months,12,True,private,3.2,1,Private room near Harvard,vikas.sharma@gmail.com,True,True,True,Quiet study environment
4/23/24 1:30 PM,2024-04-23,looking,4 bed,mixed,,False,,brighton,early May,2025-05-27,550,550,9 months,9,False,shared,2.8,4,4BR for undergraduate students,student.group.housing@yahoo.com,True,True,,near T station
4/23/24 2:40 PM,2024-04-23,offering,studio,female,vegetarian,,,longwood,June 15,2025-06-15,1000,1000,6 months,6,True,private,0.3,1,Studio in medical area,dr.patel.rental@gmail.com,True,True,,Medical students preferred
4/23/24 3:55 PM,2024-04-23,offering,shared,any,,,False,allston,May 20,2025-05-20,500,500,12 months,12,,shared,2.0,2,Room in shared apartment,jay.patel23@gmail.com,True,True,,WiFi included
4/23/24 5:10 PM,2024-04-23,looking,2bhk,male,non-veg,True,,roxbury,ASAP,,$650,650,flexible,,,shared,1.2,2,2BHK needed immediately,urgent.housing.ne@gmail.com,True,True,True,Flexible lease
4/23/24 6:25 PM,2024-04-23,offering,3 bed,female,veg,,True,jamaica plain,mid May,2025-05-27,710,710,9 months,9,False,2 bathroom,2.6,3,3BR female household,girls.housing.jp@gmail.com,True,True,,Female only house
4/23/24 7:35 PM,2024-04-23,offering,private,,no preference,False,,mission hill,June 1,2025-06-01,750,750,12 months,12,True,private,0.7,1,Private room in modern building,Text 857-223-9045,True,True,True,24hr security
4/23/24 8:50 PM,2024-04-23,looking,1 bed,mixed,,True,False,fenway,May 1,2025-05-01,$900,900,6 months,6,True,private,0.6,1,1BR near Fenway Park,baseball.fan.housing@gmail.com,True,True,,Love sports
4/24/24 7:10 AM,2024-04-24,offering,4bhk,male,veg,,,back bay,available now,,1200,1200,flexible,,,2 bathroom,1.1,5,Luxury 4BHK in prime location,luxury.rentals.boston@gmail.com,True,True,,concierge service
4/24/24 8:25 AM,2024-04-24,offering,shared,female,,,True,brookline,June 15,2025-06-15,550,550,12 months,12,,shared,1.8,2,Shared room near Coolidge Corner,natasha.brookline@yahoo.com,True,True,,near shops
4/24/24 9:40 AM,2024-04-24,looking,2 bed,,vegetarian,True,False,cambridge,early June,2025-06-27,800,800,9 months,9,True,shared,3.0,2,2BR vegetarian household wanted,veg.housing.search@gmail.com,True,True,True,Vegetarian only
4/24/24 10:50 AM,2024-04-24,offering,3bhk,mixed,non-veg,False,,roxbury,May 20,2025-05-20,$575,575,6 months,6,False,shared,1.3,4,3BHK apartment near orange line,transit.housing@hotmail.com,True,True,,T accessible
4/24/24 12:05 PM,2024-04-24,offering,private,male,,,,allston,ASAP,,650,650,12 months,12,True,private,2.1,1,Furnished private room available now,(857)334-2190,True,True,,near BU
4/24/24 1:20 PM,2024-04-24,looking,studio,female,veg,True,False,mission hill,mid June,2025-06-27,950,950,flexible,,,private,0.8,1,Clean studio for female student,simran.mission.hill@gmail.com,True,True,,Safe area important
4/24/24 2:35 PM,2024-04-24,offering,shared,any,non-veg,,,fenway,June 1,2025-06-01,500,500,9 months,9,,shared,0.5,3,Shared accommodation near stadium,fenway.student.housing@gmail.com,True,True,,game day noise
4/24/24 3:45 PM,2024-04-24,offering,4 bed,male,,True,True,brighton,May 15,2025-05-15,450,450,12 months,12,False,shared,2.7,5,Large 4BR house with parking,big.house.brighton@yahoo.com,True,True,,driveway parking
4/24/24 5:00 PM,2024-04-24,looking,2bhk,female,vegetarian,,,jamaica plain,available now,,$750,750,6 months,6,True,shared,2.5,2,2BHK for two female professionals,professional.housing.jp@gmail.com,True,True,,Working professionals
4/24/24 6:15 PM,2024-04-24,offering,1 bed,mixed,,False,False,longwood,early May,2025-05-27,900,900,flexible,,,private,0.4,1,1BR near medical campus,medical.area.rentals@gmail.com,True,True,,Medical students
4/24/24 7:30 PM,2024-04-24,offering,private,male,veg,True,,roxbury,June 15,2025-06-15,710,710,12 months,12,False,private,1.4,1,Private room with attached bath,exclusive.room.rox@gmail.com,True,True,True,Private entrance
4/24/24 8:40 PM,2024-04-24,looking,3 bed,,non-veg,,True,back bay,May 1,2025-05-01,$1000,1000,9 months,9,True,shared,1.0,3,3BR luxury apartment wanted,857-445-8823,True,True,,Luxury amenities
4/24/24 9:55 PM,2024-04-24,offering,shared,female,veg,,,cambridge,ASAP,,500,500,6 months,6,,shared,3.1,2,Female vegetarian roommate wanted,veg.cambridge.housing@gmail.com,True,True,,No meat cooking
4/25/24 7:25 AM,2024-04-25,offering,studio,,no preference,True,False,mission hill,mid May,2025-05-27,1050,1050,12 months,12,True,private,0.7,1,Modern studio with city views,city.view.studios@gmail.com,True,True,,Rooftop access
4/25/24 8:35 AM,2024-04-25,looking,2 bed,mixed,,,,fenway,June 1,2025-06-01,600,600,flexible,,,shared,0.6,2,2BR for couple near Fenway,couples.housing.fenway@yahoo.com,True,True,True,Pet friendly
4/25/24 9:50 AM,2024-04-25,offering,4bhk,male,veg,False,True,brookline,May 20,2025-05-20,$850,850,9 months,9,False,2 bathroom,1.7,5,4BHK vegetarian house,veg.house.brookline@gmail.com,True,True,,Vegetarian household
4/25/24 11:05 AM,2024-04-25,offering,private,female,vegetarian,True,,allston,available now,,750,750,12 months,12,True,private,2.0,1,Private room for female student,female.private.allston@gmail.com,True,True,,Safe and quiet
4/25/24 12:20 PM,2024-04-25,looking,shared,any,,,False,roxbury,early June,2025-06-27,450,450,6 months,6,,shared,1.2,2,Affordable shared room needed,budget.housing.search@gmail.com,True,True,,Budget friendly
4/25/24 1:30 PM,2024-04-25,offering,3bhk,male,non-veg,,,jamaica plain,June 15,2025-06-15,710,710,flexible,,,shared,2.6,4,3BHK with outdoor space,outdoor.space.jp@hotmail.com,True,True,,patio access
4/25/24 2:45 PM,2024-04-25,offering,1 bed,female,veg,False,False,brighton,May 1,2025-05-01,900,900,12 months,12,True,private,2.8,1,1BR in Brighton Center,brighton.center.apt@gmail.com,True,True,True,Near green line
4/25/24 4:00 PM,2024-04-25,looking,4 bed,mixed,,True,,cambridge,ASAP,,$550,550,9 months,9,False,shared,3.0,4,Budget 4BR near Harvard,harvard.student.housing@gmail.com,True,True,,Students only
4/25/24 5:15 PM,2024-04-25,offering,2bhk,,vegetarian,,True,mission hill,mid June,2025-06-27,650,650,6 months,6,,shared,0.8,2,2BHK vegetarian apartment,veg.mission.hill@yahoo.com,True,True,,Vegetarian cooking
4/25/24 6:25 PM,2024-04-25,offering,shared,male,,,,fenway,June 1,2025-06-01,500,500,12 months,12,,shared,0.5,3,Male roommate needed,guys.fenway.apt@gmail.com,True,True,,Guys apartment
4/25/24 7:40 PM,2024-04-25,looking,private,female,non-veg,True,False,back bay,May 15,2025-05-15,$1100,1100,flexible,,True,private,1.1,1,Luxury private room wanted,luxury.seeker.bb@gmail.com,True,True,,High-end amenities
4/25/24 8:55 PM,2024-04-25,offering,studio,any,veg,,,longwood,available now,,1000,1000,9 months,9,True,private,0.3,1,Studio near hospitals,hospital.area.studio@gmail.com,True,True,True,Medical professionals
4/25/24 10:10 PM,2024-04-25,offering,3 bed,male,,False,,roxbury,early May,2025-05-27,575,575,12 months,12,False,shared,1.3,4,3BR student apartment,student.rox.housing@hotmail.com,True,True,,Student building
4/26/24 7:15 AM,2024-04-26,looking,2 bed,female,vegetarian,True,True,allston,June 15,2025-06-15,650,650,6 months,6,,shared,2.1,2,2BR for female vegetarians,female.veg.housing@gmail.com,True,True,True,Vegetarian females
4/26/24 8:30 AM,2024-04-26,offering,4bhk,mixed,,,,jamaica plain,May 20,2025-05-20,$750,750,flexible,,,2 bathroom,2.5,5,Large 4BHK for students,large.student.house@yahoo.com,True,True,,Student house
4/26/24 9:40 AM,2024-04-26,offering,shared,,non-veg,,False,cambridge,ASAP,,500,500,12 months,12,False,shared,3.2,2,Shared room available now,cambridge.share.room@gmail.com,True,True,,near MIT
4/26/24 10:55 AM,2024-04-26,looking,private,male,veg,True,,mission hill,mid May,2025-05-27,750,750,9 months,9,True,private,0.7,1,Private vegetarian accommodation,veg.private.search@gmail.com,True,True,,Veg kitchen only
4/26/24 12:10 PM,2024-04-26,offering,1 bed,female,,,True,fenway,June 1,2025-06-01,900,900,6 months,6,True,private,0.6,1,Furnished 1BR for female,female.fenway.apt@gmail.com,True,True,,Female preferred
4/26/24 1:25 PM,2024-04-26,offering,3bhk,any,vegetarian,False,,brookline,May 1,2025-05-01,$710,710,12 months,12,,shared,1.8,3,3BHK in Brookline,brookline.3bhk@hotmail.com,True,True,,Near Coolidge
4/26/24 2:35 PM,2024-04-26,looking,studio,mixed,,True,False,back bay,available now,,1050,1050,flexible,,,private,1.0,1,Studio for young professional,young.professional.bb@gmail.com,True,True,,Working professional
4/26/24 3:50 PM,2024-04-26,offering,2 bed,male,non-veg,,,brighton,early June,2025-06-27,600,600,9 months,9,False,shared,2.7,2,2BR for male students,male.students.brighton@gmail.com,True,True,,Male students
4/26/24 5:05 PM,2024-04-26,offering,shared,female,veg,,True,roxbury,June 15,2025-06-15,450,450,12 months,12,True,shared,1.4,2,Female vegetarian shared room,female.veg.shared@yahoo.com,True,True,,Veg females only
4/26/24 6:20 PM,2024-04-26,looking,4 bed,,no preference,True,,longwood,May 20,2025-05-20,$650,650,6 months,6,True,shared,0.4,4,4BR near medical campus,(617)445-9921,True,True,True,Medical students
4/26/24 7:30 PM,2024-04-26,offering,private,male,,,False,allston,ASAP,,850,850,flexible,,,private,2.0,1,Private furnished room,private.allston.male@gmail.com,True,True,,Male students
4/26/24 8:45 PM,2024-04-26,offering,2bhk,female,veg,False,,jamaica plain,mid June,2025-06-27,575,575,12 months,12,False,shared,2.6,2,2BHK in JP for females,jp.female.housing@gmail.com,True,True,,Female household
4/26/24 10:00 PM,2024-04-26,looking,3 bed,mixed,vegetarian,True,True,cambridge,June 1,2025-06-01,710,710,9 months,9,,shared,3.0,3,3BR vegetarian apartment,veg.cambridge.search@gmail.com,True,True,,Veg household
4/27/24 7:20 AM,2024-04-27,offering,studio,any,,,,mission hill,May 15,2025-05-15,$1000,1000,6 months,6,True,private,0.8,1,Furnished studio available,mission.studio.rental@gmail.com,True,True,,Modern amenities
4/27/24 8:35 AM,2024-04-27,offering,shared,male,non-veg,,False,fenway,available now,,500,500,12 months,12,True,shared,0.5,3,Male shared accommodation,fenway.male.share@hotmail.com,True,True,,Near T
4/27/24 9:45 AM,2024-04-27,looking,1 bed,female,,True,,back bay,early May,2025-05-27,950,950,flexible,,,private,1.1,1,1BR for working woman,professional.woman.bb@gmail.com,True,True,,Professional setting
4/27/24 11:00 AM,2024-04-27,offering,4bhk,mixed,veg,,True,brookline,June 15,2025-06-15,$850,850,9 months,9,False,2 bathroom,1.7,5,4BHK vegetarian household,veg.4bhk.brookline@gmail.com,True,True,,Veg household
4/27/24 12:15 PM,2024-04-27,offering,private,,vegetarian,False,,roxbury,May 1,2025-05-01,750,750,12 months,12,True,private,1.2,1,Private room vegetarian house,private.veg.rox@yahoo.com,True,True,,Veg cooking
4/27/24 1:30 PM,2024-04-27,looking,2 bed,male,,True,False,brighton,ASAP,,600,600,6 months,6,,shared,2.8,2,2BR for male students needed,male.student.housing@gmail.com,True,True,,Need immediately
4/27/24 2:40 PM,2024-04-27,offering,3bhk,female,non-veg,,,allston,mid May,2025-05-27,$710,710,flexible,,,shared,2.1,3,3BHK for female students,female.3bhk.allston@gmail.com,True,True,,Female only
4/27/24 3:55 PM,2024-04-27,offering,shared,any,veg,,True,cambridge,June 1,2025-06-01,500,500,12 months,12,False,shared,3.1,2,Veg shared accommodation,veg.shared.cambridge@hotmail.com,True,True,,Veg kitchen
4/27/24 5:10 PM,2024-04-27,looking,studio,mixed,,True,,mission hill,May 20,2025-05-20,1050,1050,9 months,9,True,private,0.7,1,Modern studio wanted,modern.studio.search@gmail.com,True,True,True,Modern building
4/27/24 6:25 PM,2024-04-27,offering,4 bed,male,vegetarian,,False,jamaica plain,available now,,$450,450,6 months,6,True,shared,2.5,5,Budget 4BR vegetarian,budget.veg.jp@yahoo.com,True,True,,Vegetarian house
4/27/24 7:35 PM,2024-04-27,offering,2bhk,female,,False,,fenway,early June,2025-06-27,650,650,12 months,12,,shared,0.6,2,2BHK near Fenway Park,fenway.2bhk.rental@gmail.com,True,True,,Near stadium
4/27/24 8:50 PM,2024-04-27,looking,private,,non-veg,True,True,longwood,June 15,2025-06-15,900,900,flexible,,,private,0.3,1,Private luxury room,luxury.private.search@gmail.com,True,True,,High-end
4/28/24 7:10 AM,2024-04-28,offering,1 bed,male,veg,,,back bay,May 1,2025-05-01,$1100,1100,9 months,9,False,private,1.0,1,1BR vegetarian apartment,veg.1br.backbay@gmail.com,True,True,,Veg household
4/28/24 8:25 AM,2024-04-28,offering,shared,any,,,False,roxbury,ASAP,,500,500,12 months,12,True,shared,1.3,2,Shared room near campus,near.campus.share@hotmail.com,True,True,,Close to NEU
4/28/24 9:40 AM,2024-04-28,looking,3 bed,female,vegetarian,True,,brookline,mid June,2025-06-27,710,710,6 months,6,True,shared,1.8,3,3BR for female vegetarians,female.veg.3br@gmail.com,True,True,True,Female veg only
4/28/24 10:50 AM,2024-04-28,offering,4bhk,mixed,,,True,brighton,June 1,2025-06-01,$750,750,flexible,,,2 bathroom,2.7,5,Large 4BHK student house,student.house.brighton@yahoo.com,True,True,,Party friendly
4/28/24 12:05 PM,2024-04-28,offering,studio,male,non-veg,False,,allston,May 15,2025-05-15,1000,1000,12 months,12,,private,2.0,1,Studio for male student,male.studio.allston@gmail.com,True,True,,Male student
4/28/24 1:20 PM,2024-04-28,looking,2 bed,female,veg,True,False,cambridge,available now,,600,600,9 months,9,False,shared,3.2,2,2BR for veg females,veg.female.cambridge@gmail.com,True,True,,Veg females
4/28/24 2:35 PM,2024-04-28,offering,private,,no preference,,,mission hill,early May,2025-05-27,$850,850,6 months,6,True,private,0.8,1,Private room in modern apt,modern.private.mh@gmail.com,True,True,True,Modern building
4/28/24 3:45 PM,2024-04-28,offering,3bhk,any,,,True,jamaica plain,June 15,2025-06-15,710,710,12 months,12,True,shared,2.6,4,3BHK with parking,parking.3bhk.jp@hotmail.com,True,True,,Parking included
4/28/24 5:00 PM,2024-04-28,looking,shared,male,veg,True,,fenway,May 20,2025-05-20,450,450,flexible,,,shared,0.5,2,Veg male roommate wanted,veg.male.fenway@gmail.com,True,True,,Veg male only
4/28/24 6:15 PM,2024-04-28,offering,1 bed,female,vegetarian,,False,longwood,ASAP,,$900,900,9 months,9,,private,0.4,1,1BR for female near hospital,female.longwood.apt@gmail.com,True,True,,Hospital area
4/28/24 7:30 PM,2024-04-28,offering,4 bed,mixed,,False,,back bay,mid May,2025-05-27,550,550,12 months,12,False,shared,1.1,5,Budget 4BR Back Bay,budget.backbay.4br@yahoo.com,True,True,,Student friendly
4/28/24 8:40 PM,2024-04-28,looking,2bhk,,non-veg,True,True,roxbury,June 1,2025-06-01,650,650,6 months,6,True,shared,1.4,2,2BHK near T station,t.station.housing@gmail.com,True,True,True,Transit accessible
4/28/24 9:55 PM,2024-04-28,offering,private,male,veg,,,brookline,May 1,2025-05-01,$800,800,flexible,,True,private,1.7,1,Private veg room for male,male.veg.private.bkln@gmail.com,True,True,,Veg household
4/29/24 7:25 AM,2024-04-29,offering,studio,female,,,False,brighton,available now,,1050,1050,12 months,12,,private,2.8,1,Studio for female student,female.studio.brighton@gmail.com,True,True,,Female preferred
4/29/24 8:35 AM,2024-04-29,looking,shared,any,vegetarian,True,,allston,early June,2025-06-27,500,500,9 months,9,,shared,2.1,2,Veg shared room needed,veg.shared.search@hotmail.com,True,True,True,Veg cooking
4/29/24 9:50 AM,2024-04-29,offering,3 bed,male,,,True,cambridge,June 15,2025-06-15,$575,575,6 months,6,False,shared,3.0,4,3BR for male students,male.cambridge.3br@gmail.com,True,True,,Male students
4/29/24 11:05 AM,2024-04-29,offering,4bhk,mixed,non-veg,False,,jamaica plain,May 20,2025-05-20,750,750,12 months,12,True,2 bathroom,2.5,5,4BHK house with yard,yard.house.jp@yahoo.com,True,True,,Backyard
4/29/24 12:20 PM,2024-04-29,looking,2 bed,female,veg,True,False,mission hill,ASAP,,650,650,flexible,,True,shared,0.7,2,2BR veg female apartment,veg.female.mh@gmail.com,True,True,,Veg females
4/29/24 1:30 PM,2024-04-29,offering,private,,no preference,,,fenway,mid June,2025-06-27,$900,900,9 months,9,,private,0.6,1,Private room Fenway area,fenway.private.room@gmail.com,True,True,,Near ballpark
4/29/24 2:45 PM,2024-04-29,offering,1 bed,male,,,True,longwood,June 1,2025-06-01,1100,1100,6 months,6,,private,0.3,1,1BR near medical campus,medical.1br.rental@hotmail.com,True,True,,Medical area
4/29/24 4:00 PM,2024-04-29,looking,3bhk,female,veg,True,,back bay,May 1,2025-05-01,710,710,12 months,12,False,shared,1.0,3,3BHK for female veg students,female.veg.3bhk@gmail.com,True,True,,Veg females
4/29/24 5:15 PM,2024-04-29,offering,shared,any,vegetarian,,False,roxbury,available now,,$450,450,flexible,,True,shared,1.2,2,Veg shared accommodation,veg.share.rox@yahoo.com,True,True,,Veg cooking
4/29/24 6:25 PM,2024-04-29,offering,studio,mixed,,False,,brookline,early May,2025-05-27,1000,1000,9 months,9,True,private,1.8,1,Studio in Brookline,brookline.studio.apt@gmail.com,True,True,True,Near Coolidge
4/29/24 7:40 PM,2024-04-29,looking,4 bed,male,non-veg,True,True,brighton,June 15,2025-06-15,550,550,6 months,6,,shared,2.7,4,4BR for male students,male.4br.brighton@gmail.com,True,True,,Male students
4/29/24 8:55 PM,2024-04-29,offering,2bhk,female,,,,allston,May 20,2025-05-20,$650,650,12 months,12,,shared,2.0,2,2BHK for female students,female.2bhk.allston@hotmail.com,True,True,,Female household
4/29/24 10:10 PM,2024-04-29,offering,private,,veg,,False,cambridge,ASAP,,850,850,flexible,,False,private,3.1,1,Private veg accommodation,private.veg.cambridge@gmail.com,True,True,,Veg household
4/30/24 7:15 AM,2024-04-30,looking,1 bed,male,vegetarian,True,,mission hill,mid May,2025-05-27,900,900,9 months,9,True,private,0.8,1,1BR veg male apartment,veg.male.1br@gmail.com,True,True,True,Veg male only
4/30/24 8:30 AM,2024-04-30,offering,3 bed,any,,,True,jamaica plain,June 1,2025-06-01,$710,710,6 months,6,True,shared,2.6,4,3BR furnished apartment,furnished.3br.jp@yahoo.com,True,True,,Furnished
4/30/24 9:40 AM,2024-04-30,offering,shared,female,non-veg,False,,fenway,May 15,2025-05-15,500,500,12 months,12,,shared,0.5,2,Female shared room Fenway,female.share.fenway@gmail.com,True,True,,Female roommate
4/30/24 10:55 AM,2024-04-30,looking,4bhk,mixed,,True,False,longwood,available now,,750,750,flexible,,,2 bathroom,0.4,4,Large 4BHK needed,large.apartment.search@gmail.com,True,True,,Spacious needed
4/30/24 12:10 PM,2024-04-30,offering,studio,male,veg,,,back bay,early June,2025-06-27,$1050,1050,9 months,9,False,private,1.1,1,Veg studio for male,veg.studio.male@hotmail.com,True,True,,Veg male
4/30/24 1:25 PM,2024-04-30,offering,2 bed,,no preference,,True,roxbury,June 15,2025-06-15,600,600,12 months,12,True,shared,1.3,2,2BR near NEU campus,near.neu.2br@gmail.com,True,True,,Near campus
4/30/24 2:35 PM,2024-04-30,looking,private,female,,True,,brookline,May 1,2025-05-01,800,800,6 months,6,True,private,1.7,1,Private room for female,female.private.search@gmail.com,True,True,,Female only
4/30/24 3:50 PM,2024-04-30,offering,3bhk,male,veg,,False,brighton,ASAP,,$575,575,flexible,,,shared,2.8,4,3BHK veg male household,veg.male.3bhk@yahoo.com,True,True,,Veg males
4/30/24 5:05 PM,2024-04-30,offering,shared,any,vegetarian,False,,allston,mid June,2025-06-27,450,450,12 months,12,,shared,2.1,2,Veg shared room Allston,veg.allston.share@gmail.com,True,True,,Veg household
4/30/24 6:20 PM,2024-04-30,looking,1 bed,female,,True,True,cambridge,June 1,2025-06-01,950,950,9 months,9,False,private,3.0,1,1BR for female professional,professional.female.cambridge@gmail.com,True,True,,Professional
4/30/24 7:30 PM,2024-04-30,offering,4 bed,mixed,non-veg,,,mission hill,May 20,2025-05-20,$550,550,6 months,6,True,shared,0.7,5,4BR student apartment,student.4br.mh@hotmail.com,True,True,,Students
4/30/24 8:45 PM,2024-04-30,offering,2bhk,male,,,False,jamaica plain,available now,,650,650,12 months,12,True,shared,2.5,2,2BHK for male students,male.2bhk.jp@gmail.com,True,True,,Male household
4/30/24 10:00 PM,2024-04-30,looking,studio,,veg,True,,fenway,early May,2025-05-27,1000,1000,flexible,,,private,0.6,1,Veg studio apartment,veg.studio.fenway@gmail.com,True,True,,Veg cooking
5/1/24 7:20 AM,2024-05-01,offering,private,female,vegetarian,,True,longwood,June 15,2025-06-15,$900,900,9 months,9,,private,0.3,1,Private veg room female,female.veg.private@yahoo.com,True,True,,Veg female
5/1/24 8:35 AM,2024-05-01,offering,3 bed,any,,False,,back bay,May 1,2025-05-01,710,710,12 months,12,False,shared,1.0,4,3BR Back Bay apartment,backbay.3br.apt@gmail.com,True,True,,Prime location
5/1/24 9:45 AM,2024-05-01,looking,shared,male,non-veg,True,False,roxbury,ASAP,,500,500,6 months,6,True,shared,1.4,2,Male shared room needed,male.share.needed@hotmail.com,True,True,,Need now
5/1/24 11:00 AM,2024-05-01,offering,4bhk,female,,,,brookline,mid May,2025-05-27,$850,850,flexible,,True,2 bathroom,1.8,5,4BHK for female students,female.4bhk.brookline@gmail.com,True,True,,Female house
5/1/24 12:15 PM,2024-05-01,offering,1 bed,mixed,veg,,True,brighton,June 1,2025-06-01,1100,1100,9 months,9,,private,2.7,1,1BR veg apartment,veg.1br.brighton@yahoo.com,True,True,,Veg cooking
5/1/24 1:30 PM,2024-05-01,looking,2 bed,,no preference,True,,allston,May 15,2025-05-15,600,600,12 months,12,,shared,2.0,2,2BR near BU campus,bu.area.housing@gmail.com,True,True,True,Near BU
5/1/24 2:40 PM,2024-05-01,offering,studio,male,,,False,cambridge,available now,,$1050,1050,6 months,6,False,private,3.2,1,Studio for male near MIT,male.mit.studio@gmail.com,True,True,,Near MIT
5/1/24 3:55 PM,2024-05-01,offering,3bhk,female,veg,False,,mission hill,early June,2025-06-27,710,710,flexible,,True,shared,0.8,3,3BHK veg female apartment,veg.female.3bhk@hotmail.com,True,True,,Veg females
5/1/24 5:10 PM,2024-05-01,looking,private,any,vegetarian,True,True,jamaica plain,June 15,2025-06-15,850,850,9 months,9,True,private,2.6,1,Private veg room wanted,veg.private.wanted@gmail.com,True,True,,Veg household
5/1/24 6:25 PM,2024-05-01,offering,shared,male,,,,fenway,May 20,2025-05-20,$450,450,12 months,12,,shared,0.5,3,Male shared Fenway,male.fenway.shared@yahoo.com,True,True,,Male roommates
5/1/24 7:35 PM,2024-05-01,offering,4 bed,female,non-veg,,False,longwood,ASAP,,550,550,6 months,6,,shared,0.4,5,4BR for female students,female.4br.longwood@gmail.com,True,True,,Female students
5/1/24 8:50 PM,2024-05-01,looking,2bhk,mixed,,True,,back bay,mid June,2025-06-27,650,650,flexible,,,shared,1.1,2,2BHK in Back Bay,backbay.2bhk.search@gmail.com,True,True,,Central location
5/2/24 7:10 AM,2024-05-02,offering,1 bed,,veg,,True,roxbury,June 1,2025-06-01,$900,900,12 months,12,True,private,1.2,1,1BR veg apartment Roxbury,veg.1br.rox@hotmail.com,True,True,True,Veg household
5/2/24 8:25 AM,2024-05-02,offering,studio,male,vegetarian,,,brookline,May 1,2025-05-01,1000,1000,9 months,9,True,private,1.7,1,Veg studio for male,veg.male.studio@gmail.com,True,True,,Veg male
5/2/24 9:40 AM,2024-05-02,looking,3 bed,female,,True,False,brighton,available now,,575,575,6 months,6,,shared,2.8,3,3BR for female students,female.3br.brighton@yahoo.com,True,True,,Female students
5/2/24 10:50 AM,2024-05-02,offering,shared,any,non-veg,,,allston,early May,2025-05-27,$500,500,12 months,12,,shared,2.1,2,Shared room Allston,allston.shared.room@gmail.com,True,True,,Near T
5/2/24 12:05 PM,2024-05-02,offering,4bhk,male,,False,True,cambridge,June 15,2025-06-15,750,750,flexible,,False,2 bathroom,3.0,5,4BHK for male students,male.4bhk.cambridge@hotmail.com,True,True,,Male house
5/2/24 1:20 PM,2024-05-02,looking,private,female,veg,True,,mission hill,May 20,2025-05-20,800,800,9 months,9,True,private,0.7,1,Private veg room for female,female.veg.private.mh@gmail.com,True,True,True,Veg female
5/2/24 2:35 PM,2024-05-02,offering,2 bed,mixed,no preference,,False,jamaica plain,ASAP,,$650,650,6 months,6,True,shared,2.5,2,2BR furnished JP,furnished.2br.jp@yahoo.com,True,True,,Furnished
5/2/24 3:45 PM,2024-05-02,offering,3bhk,,vegetarian,,,fenway,mid May,2025-05-27,710,710,12 months,12,,shared,0.6,4,3BHK veg apartment,veg.3bhk.fenway@gmail.com,True,True,,Veg cooking
5/2/24 5:00 PM,2024-05-02,looking,studio,male,,True,True,longwood,June 1,2025-06-01,1050,1050,flexible,,,private,0.3,1,Studio near hospitals,hospital.studio.search@gmail.com,True,True,,Medical area
5/2/24 6:15 PM,2024-05-02,offering,1 bed,female,veg,,,back bay,May 15,2025-05-15,$1100,1100,9 months,9,False,private,1.0,1,1BR veg for female,female.veg.1br@hotmail.com,True,True,,Veg female
5/2/24 7:30 PM,2024-05-02,offering,shared,any,,False,False,roxbury,available now,,450,450,12 months,12,True,shared,1.3,2,Shared room near NEU,neu.shared.room@gmail.com,True,True,,Near campus
5/2/24 8:40 PM,2024-05-02,looking,4 bed,male,non-veg,True,,brookline,early June,2025-06-27,550,550,6 months,6,True,shared,1.8,4,4BR for male students,male.4br.search@yahoo.com,True,True,,Male students
5/2/24 9:55 PM,2024-05-02,offering,2bhk,female,,,True,brighton,June 15,2025-06-15,$650,650,flexible,,,shared,2.7,2,2BHK for females,female.2bhk.brighton@gmail.com,True,True,,Female household
5/3/24 7:25 AM,2024-05-03,offering,private,mixed,veg,,,allston,May 1,2025-05-01,850,850,12 months,12,,private,2.0,1,Private veg room Allston,veg.private.allston@hotmail.com,True,True,,Veg household
5/3/24 8:35 AM,2024-05-03,looking,3 bed,,vegetarian,True,False,cambridge,ASAP,,710,710,9 months,9,False,shared,3.1,3,3BR veg apartment wanted,veg.3br.cambridge@gmail.com,True,True,True,Veg household
5/3/24 9:50 AM,2024-05-03,offering,studio,male,,,,mission hill,mid June,2025-06-27,$1000,1000,6 months,6,True,private,0.8,1,Studio for male student,male.studio.mh@yahoo.com,True,True,,Male student
5/3/24 11:05 AM,2024-05-03,offering,shared,female,non-veg,False,True,jamaica plain,June 1,2025-06-01,500,500,12 months,12,True,shared,2.6,2,Female shared JP,female.shared.jp@gmail.com,True,True,,Female roommate
5/3/24 12:20 PM,2024-05-03,looking,1 bed,any,,True,,fenway,May 20,2025-05-20,900,900,flexible,,,private,0.5,1,1BR Fenway area,fenway.1br.search@hotmail.com,True,True,,Near stadium
5/3/24 1:30 PM,2024-05-03,offering,4bhk,male,veg,,False,longwood,available now,,$750,750,9 months,9,,2 bathroom,0.4,5,4BHK veg male house,veg.male.4bhk@gmail.com,True,True,,Veg males
5/3/24 2:45 PM,2024-05-03,offering,2 bed,female,no preference,,,back bay,early May,2025-05-27,600,600,12 months,12,False,shared,1.1,2,2BR for female students,female.2br.backbay@yahoo.com,True,True,,Female students
5/3/24 4:00 PM,2024-05-03,looking,private,,vegetarian,True,True,roxbury,June 15,2025-06-15,800,800,6 months,6,True,private,1.4,1,Private veg room needed,veg.private.rox@gmail.com,True,True,True,Veg cooking
5/3/24 5:15 PM,2024-05-03,offering,3bhk,mixed,,,,brookline,May 1,2025-05-01,$710,710,flexible,,True,shared,1.7,4,3BHK furnished Brookline,furnished.3bhk.bkln@hotmail.com,True,True,,Furnished
5/3/24 6:25 PM,2024-05-03,offering,studio,male,veg,False,False,brighton,ASAP,,1050,1050,9 months,9,,private,2.8,1,Veg studio male Brighton,veg.male.brighton@gmail.com,True,True,,Veg male
5/3/24 7:40 PM,2024-05-03,looking,shared,female,,True,,allston,mid May,2025-05-27,450,450,12 months,12,,shared,2.1,2,Female shared room wanted,female.share.allston@yahoo.com,True,True,,Female student
5/3/24 8:55 PM,2024-05-03,offering,4 bed,any,non-veg,,True,cambridge,June 1,2025-06-01,$550,550,6 months,6,False,shared,3.0,5,4BR student house,student.4br.cambridge@gmail.com,True,True,,Student house
5/3/24 10:10 PM,2024-05-03,offering,2bhk,male,,,,mission hill,May 15,2025-05-15,650,650,flexible,,True,shared,0.7,2,2BHK for male students,male.2bhk.mh@hotmail.com,True,True,,Male students
5/4/24 7:15 AM,2024-05-04,looking,1 bed,female,veg,True,False,jamaica plain,available now,,950,950,9 months,9,True,private,2.5,1,1BR veg for female,female.veg.1br.jp@gmail.com,True,True,,Veg female
5/4/24 8:30 AM,2024-05-04,offering,private,mixed,vegetarian,,,fenway,early June,2025-06-27,$900,900,12 months,12,,private,0.6,1,Private veg room Fenway,veg.private.fenway@yahoo.com,True,True,,Veg household
5/4/24 9:40 AM,2024-05-04,offering,3 bed,,no preference,False,True,longwood,June 15,2025-06-15,575,575,6 months,6,,shared,0.3,4,3BR near hospitals,hospital.3br.apt@gmail.com,True,True,,Medical area
5/4/24 10:55 AM,2024-05-04,looking,studio,male,,True,,back bay,May 20,2025-05-20,1100,1100,flexible,,False,private,1.0,1,Studio for professional male,professional.male.studio@hotmail.com,True,True,,Professional
5/4/24 12:10 PM,2024-05-04,offering,shared,female,veg,,False,roxbury,ASAP,,$500,500,12 months,12,True,shared,1.2,2,Veg female shared room,veg.female.share@gmail.com,True,True,,Veg females
5/4/24 1:25 PM,2024-05-04,offering,4bhk,any,,,,brookline,mid June,2025-06-27,850,850,9 months,9,True,2 bathroom,1.8,5,Large 4BHK Brookline,large.4bhk.brookline@yahoo.com,True,True,,Spacious
5/4/24 2:35 PM,2024-05-04,looking,2 bed,male,non-veg,True,True,brighton,June 1,2025-06-01,650,650,6 months,6,,shared,2.7,2,2BR for male students,male.2br.brighton@gmail.com,True,True,,Male students
5/4/24 3:50 PM,2024-05-04,offering,3bhk,female,,,,allston,May 1,2025-05-01,$710,710,12 months,12,,shared,2.0,3,3BHK for female students,female.3bhk.allston@hotmail.com,True,True,,Female household
5/4/24 5:05 PM,2024-05-04,offering,1 bed,mixed,veg,False,False,cambridge,available now,,1100,1100,flexible,,False,private,3.2,1,1BR veg apartment,veg.1br.cambridge@gmail.com,True,True,,Veg cooking
5/4/24 6:20 PM,2024-05-04,looking,private,,vegetarian,True,,mission hill,early May,2025-05-27,800,800,9 months,9,True,private,0.8,1,Private veg accommodation,veg.private.search.mh@yahoo.com,True,True,True,Veg household
5/4/24 7:30 PM,2024-05-04,offering,studio,male,,,True,jamaica plain,June 15,2025-06-15,$1050,1050,6 months,6,True,private,2.6,1,Furnished studio male JP,male.studio.jp@gmail.com,True,True,,Male student
5/4/24 8:45 PM,2024-05-04,offering,shared,female,non-veg,,,fenway,May 20,2025-05-20,450,450,12 months,12,,shared,0.5,2,Female shared Fenway,female.fenway.share@hotmail.com,True,True,,Female roommate
5/4/24 10:00 PM,2024-05-04,looking,4 bed,any,,True,False,longwood,ASAP,,550,550,flexible,,,shared,0.4,4,4BR near medical campus,medical.4br.search@gmail.com,True,True,,Medical students
5/5/24 7:20 AM,2024-05-05,offering,2bhk,male,veg,,,back bay,mid May,2025-05-27,$650,650,9 months,9,False,shared,1.1,2,2BHK veg for males,veg.male.2bhk@yahoo.com,True,True,,Veg males
5/5/24 8:35 AM,2024-05-05,offering,private,female,no preference,False,True,roxbury,June 1,2025-06-01,850,850,12 months,12,True,private,1.3,1,Private room for female,female.private.rox@gmail.com,True,True,,Female student
5/5/24 9:45 AM,2024-05-05,looking,3 bed,mixed,,True,,brookline,May 15,2025-05-15,710,710,6 months,6,True,shared,1.7,3,3BR in Brookline,brookline.3br.search@hotmail.com,True,True,,Near Coolidge
5/5/24 11:00 AM,2024-05-05,offering,studio,,veg,,False,brighton,available now,,$1000,1000,flexible,,,private,2.8,1,Veg studio Brighton,veg.studio.brighton@gmail.com,True,True,,Veg cooking
5/5/24 12:15 PM,2024-05-05,offering,1 bed,male,vegetarian,,,allston,early June,2025-06-27,900,900,12 months,12,,private,2.1,1,1BR veg male Allston,veg.male.1br.allston@yahoo.com,True,True,,Veg male
5/5/24 1:30 PM,2024-05-05,looking,shared,female,,True,True,cambridge,June 15,2025-06-15,500,500,9 months,9,False,shared,3.0,2,Female shared Cambridge,female.cambridge.share@gmail.com,True,True,True,Female student
5/5/24 2:40 PM,2024-05-05,offering,4bhk,any,non-veg,,,mission hill,May 1,2025-05-01,$750,750,6 months,6,True,2 bathroom,0.7,5,4BHK student house MH,student.4bhk.mh@hotmail.com,True,True,,Student house
5/5/24 3:55 PM,2024-05-05,offering,2 bed,male,,False,False,jamaica plain,ASAP,,600,600,12 months,12,True,shared,2.5,2,2BR for male students JP,male.2br.jp@gmail.com,True,True,,Male household
5/5/24 5:10 PM,2024-05-05,looking,private,female,veg,True,,fenway,mid June,2025-06-27,900,900,flexible,,,private,0.6,1,Private veg room female,female.veg.fenway@yahoo.com,True,True,,Veg female
5/5/24 6:25 PM,2024-05-05,offering,3bhk,mixed,vegetarian,,True,longwood,June 1,2025-06-01,$710,710,9 months,9,,shared,0.3,4,3BHK veg apartment,veg.3bhk.longwood@gmail.com,True,True,,Veg household
5/5/24 7:35 PM,2024-05-05,offering,studio,any,,,,back bay,May 20,2025-05-20,1050,1050,12 months,12,False,private,1.0,1,Studio Back Bay,backbay.studio.apt@hotmail.com,True,True,,Prime location
5/5/24 8:50 PM,2024-05-05,looking,shared,male,non-veg,True,False,roxbury,available now,,450,450,6 months,6,True,shared,1.4,2,Male shared room needed,male.share.rox@gmail.com,True,True,,Need now
5/6/24 7:10 AM,2024-05-06,offering,1 bed,female,,,,brookline,early May,2025-05-27,$1100,1100,flexible,,True,private,1.8,1,1BR for female Brookline,female.1br.brookline@yahoo.com,True,True,,Female student
5/6/24 8:25 AM,2024-05-06,offering,4 bed,mixed,veg,False,True,brighton,June 15,2025-06-15,550,550,9 months,9,,shared,2.7,5,4BR veg student house,veg.4br.brighton@gmail.com,True,True,,Veg household
5/6/24 9:40 AM,2024-05-06,looking,2bhk,,no preference,True,,allston,May 1,2025-05-01,650,650,12 months,12,,shared,2.0,2,2BHK Allston area,allston.2bhk.search@hotmail.com,True,True,True,Near BU
5/6/24 10:50 AM,2024-05-06,offering,private,male,,,False,cambridge,ASAP,,$850,850,6 months,6,False,private,3.1,1,Private room male Cambridge,male.private.cambridge@gmail.com,True,True,,Male student
5/6/24 12:05 PM,2024-05-06,offering,3 bed,female,veg,,,mission hill,mid May,2025-05-27,575,575,flexible,,True,shared,0.8,3,3BR veg female apartment,veg.female.3br.mh@yahoo.com,True,True,,Veg females
5/6/24 1:20 PM,2024-05-06,looking,studio,any,vegetarian,True,True,jamaica plain,June 1,2025-06-01,1000,1000,9 months,9,True,private,2.6,1,Veg studio wanted,veg.studio.jp@gmail.com,True,True,True,Veg cooking
5/6/24 2:35 PM,2024-05-06,offering,shared,male,,,,fenway,May 15,2025-05-15,$500,500,12 months,12,,shared,0.5,3,Male shared Fenway,male.fenway.shared.apt@hotmail.com,True,True,,Male roommates
5/6/24 3:45 PM,2024-05-06,offering,4bhk,female,non-veg,False,False,longwood,available now,,750,750,6 months,6,,2 bathroom,0.4,5,4BHK near hospitals,female.4bhk.longwood@gmail.com,True,True,,Female students
5/6/24 5:00 PM,2024-05-06,looking,2 bed,mixed,,True,,back bay,early June,2025-06-27,600,600,flexible,,False,shared,1.1,2,2BR Back Bay wanted,backbay.2br.wanted@yahoo.com,True,True,,Central location
5/6/24 6:15 PM,2024-05-06,offering,1 bed,,veg,,True,roxbury,June 15,2025-06-15,$900,900,12 months,12,True,private,1.2,1,1BR veg Roxbury,veg.1br.roxbury@gmail.com,True,True,True,Veg cooking
5/6/24 7:30 PM,2024-05-06,offering,private,male,vegetarian,,,brookline,May 20,2025-05-20,800,800,9 months,9,True,private,1.7,1,Private veg room male,male.veg.brookline@hotmail.com,True,True,,Veg male
5/6/24 8:40 PM,2024-05-06,looking,3bhk,female,,True,False,brighton,ASAP,,710,710,6 months,6,,shared,2.8,3,3BHK for female students,female.3bhk.brighton.search@gmail.com,True,True,,Female students
5/6/24 9:55 PM,2024-05-06,offering,studio,any,non-veg,,,allston,mid June,2025-06-27,$1050,1050,flexible,,,private,2.1,1,Furnished studio Allston,studio.allston.furnished@yahoo.com,True,True,,Modern building
5/7/24 7:25 AM,2024-05-07,offering,shared,male,,False,True,cambridge,June 1,2025-06-01,450,450,12 months,12,False,shared,3.0,2,Male shared near MIT,male.mit.shared@gmail.com,True,True,,Near MIT
5/7/24 8:35 AM,2024-05-07,looking,4 bed,female,veg,True,,mission hill,May 1,2025-05-01,550,550,9 months,9,True,shared,0.7,4,4BR veg female house,veg.female.4br.mh@hotmail.com,True,True,True,Veg females
5/7/24 9:50 AM,2024-05-07,offering,2bhk,mixed,no preference,,False,jamaica plain,available now,,$650,650,6 months,6,True,shared,2.5,2,2BHK furnished JP,2bhk.furnished.jp@gmail.com,True,True,,Furnished
5/7/24 11:05 AM,2024-05-07,offering,private,,vegetarian,,,fenway,early May,2025-05-27,850,850,12 months,12,,private,0.6,1,Private veg room Fenway,veg.private.fenway.apt@yahoo.com,True,True,,Veg household
5/7/24 12:20 PM,2024-05-07,looking,1 bed,male,,True,True,longwood,June 15,2025-06-15,1100,1100,flexible,,,private,0.3,1,1BR near medical campus,medical.1br.wanted@gmail.com,True,True,,Medical student
5/7/24 1:30 PM,2024-05-07,offering,3 bed,female,veg,,,back bay,May 20,2025-05-20,$710,710,9 months,9,False,shared,1.0,3,3BR veg female Back Bay,veg.female.backbay@hotmail.com,True,True,,Veg females
5/7/24 2:45 PM,2024-05-07,offering,studio,any,,False,False,roxbury,ASAP,,1000,1000,12 months,12,True,private,1.3,1,Studio near NEU,studio.neu.rox@gmail.com,True,True,,Near campus
5/7/24 4:00 PM,2024-05-07,looking,shared,male,non-veg,True,,brookline,mid May,2025-05-27,500,500,6 months,6,True,shared,1.8,2,Male shared Brookline,male.brookline.share@yahoo.com,True,True,,Male student
5/7/24 5:15 PM,2024-05-07,offering,4bhk,female,,,True,brighton,June 1,2025-06-01,$850,850,flexible,,,2 bathroom,2.7,5,4BHK female student house,female.house.brighton@gmail.com,True,True,,Female house
5/7/24 6:25 PM,2024-05-07,offering,2 bed,mixed,veg,,,allston,May 15,2025-05-15,600,600,12 months,12,,shared,2.0,2,2BR veg apartment,veg.2br.allston@hotmail.com,True,True,,Veg cooking
5/7/24 7:40 PM,2024-05-07,looking,private,,vegetarian,True,False,cambridge,available now,,900,900,9 months,9,False,private,3.2,1,Private veg room wanted,veg.private.cambridge.search@gmail.com,True,True,True,Veg household
5/7/24 8:55 PM,2024-05-07,offering,3bhk,male,,,,mission hill,early June,2025-06-27,$710,710,6 months,6,True,shared,0.8,4,3BHK for male students,male.3bhk.mh@yahoo.com,True,True,,Male students
5/7/24 10:10 PM,2024-05-07,offering,1 bed,female,non-veg,False,True,jamaica plain,June 15,2025-06-15,1100,1100,12 months,12,True,private,2.6,1,1BR for female JP,female.1br.jp@gmail.com,True,True,,Female student
5/8/24 7:15 AM,2024-05-08,looking,studio,any,,True,,fenway,May 1,2025-05-01,1050,1050,flexible,,,private,0.5,1,Studio near Fenway Park,fenway.studio.search@hotmail.com,True,True,,Near ballpark
5/8/24 8:30 AM,2024-05-08,offering,shared,male,veg,,False,longwood,ASAP,,$450,450,9 months,9,,shared,0.4,2,Veg male shared room,veg.male.longwood@gmail.com,True,True,,Veg males
5/8/24 9:40 AM,2024-05-08,offering,4 bed,female,no preference,,,back bay,mid June,2025-06-27,550,550,12 months,12,False,shared,1.1,5,4BR for female students,female.4br.backbay@yahoo.com,True,True,,Female household
5/8/24 10:55 AM,2024-05-08,looking,2bhk,mixed,,True,True,roxbury,June 1,2025-06-01,650,650,6 months,6,True,shared,1.4,2,2BHK near T station,t.station.2bhk@gmail.com,True,True,True,Transit access
5/8/24 12:10 PM,2024-05-08,offering,private,,veg,,,brookline,May 20,2025-05-20,$800,800,flexible,,True,private,1.7,1,Private veg room Brookline,veg.private.bkln@hotmail.com,True,True,,Veg cooking
5/8/24 1:25 PM,2024-05-08,offering,3 bed,male,vegetarian,False,False,brighton,available now,,575,575,9 months,9,,shared,2.8,4,3BR veg male apartment,veg.male.3br.brighton@gmail.com,True,True,,Veg males
5/8/24 2:35 PM,2024-05-08,looking,studio,female,,True,,allston,early May,2025-05-27,1000,1000,12 months,12,,private,2.1,1,Studio for female student,female.studio.allston@yahoo.com,True,True,,Female student
5/8/24 3:50 PM,2024-05-08,offering,1 bed,any,non-veg,,True,cambridge,June 15,2025-06-15,$900,900,6 months,6,False,private,3.0,1,1BR furnished Cambridge,1br.furnished.cambridge@gmail.com,True,True,,Near Harvard
5/8/24 5:05 PM,2024-05-08,offering,shared,male,,,,mission hill,May 1,2025-05-01,500,500,flexible,,True,shared,0.7,3,Male shared Mission Hill,male.shared.mh@hotmail.com,True,True,,Male roommates
5/8/24 6:20 PM,2024-05-08,looking,4bhk,female,veg,True,False,jamaica plain,ASAP,,750,750,9 months,9,True,2 bathroom,2.5,4,4BHK veg female house,veg.female.house.jp@gmail.com,True,True,,Veg females
5/8/24 7:30 PM,2024-05-08,offering,2 bed,mixed,vegetarian,,,fenway,mid May,2025-05-27,$650,650,12 months,12,,shared,0.6,2,2BR veg Fenway,veg.2br.fenway@yahoo.com,True,True,,Veg cooking
5/8/24 8:45 PM,2024-05-08,offering,private,,no preference,False,True,longwood,June 1,2025-06-01,850,850,6 months,6,,private,0.3,1,Private room Longwood,private.longwood.apt@gmail.com,True,True,,Medical area
5/8/24 10:00 PM,2024-05-08,looking,3bhk,male,,True,,back bay,May 15,2025-05-15,710,710,flexible,,False,shared,1.0,3,3BHK for male students,male.3bhk.backbay@hotmail.com,True,True,,Male students
5/9/24 7:20 AM,2024-05-09,offering,studio,female,veg,,False,roxbury,June 15,2025-06-15,$1000,1000,9 months,9,True,private,1.2,1,Veg studio for female,female.veg.studio.rox@gmail.com,True,True,True,Veg female
5/9/24 8:35 AM,2024-05-09,offering,shared,any,,,,brookline,May 1,2025-05-01,450,450,12 months,12,True,shared,1.8,2,Shared room Brookline,shared.brookline.apt@yahoo.com,True,True,,Near shops
5/9/24 9:45 AM,2024-05-09,looking,1 bed,male,non-veg,True,True,brighton,available now,,950,950,6 months,6,,private,2.7,1,1BR for male professional,male.professional.brighton@gmail.com,True,True,,Professional
5/9/24 11:00 AM,2024-05-09,offering,4 bed,female,,,,allston,early June,2025-06-27,550,550,flexible,,,shared,2.0,5,4BR for female students,female.4br.allston@hotmail.com,True,True,,Female house
5/9/24 12:15 PM,2024-05-09,offering,2bhk,mixed,veg,False,False,cambridge,June 1,2025-06-01,650,650,12 months,12,False,shared,3.1,2,2BHK veg apartment,veg.2bhk.cambridge@gmail.com,True,True,,Veg household
5/9/24 1:30 PM,2024-05-09,looking,private,female,,True,,mission hill,May 20,2025-05-20,800,800,9 months,9,True,private,0.8,1,Private room for female,female.private.mh.search@yahoo.com,True,True,True,Female student
5/9/24 2:40 PM,2024-05-09,offering,3bhk,any,vegetarian,,True,jamaica plain,ASAP,,$710,710,6 months,6,True,shared,2.6,4,3BHK veg furnished,veg.furnished.3bhk.jp@gmail.com,True,True,,Veg household
5/9/24 3:55 PM,2024-05-09,offering,studio,male,,,,fenway,mid June,2025-06-27,1050,1050,12 months,12,,private,0.5,1,Studio for male Fenway,male.studio.fenway@hotmail.com,True,True,,Male student
5/9/24 5:10 PM,2024-05-09,looking,shared,female,veg,True,False,longwood,June 15,2025-06-15,500,500,flexible,,,shared,0.4,2,Veg female shared room,veg.female.longwood@gmail.com,True,True,,Veg females
5/9/24 6:25 PM,2024-05-09,offering,1 bed,,no preference,,,back bay,May 1,2025-05-01,1100,1100,9 months,9,False,private,1.1,1,1BR furnished Back Bay,1br.backbay.furnished@yahoo.com,True,True,,Prime location
5/9/24 7:35 PM,2024-05-09,offering,4bhk,male,non-veg,False,True,roxbury,available now,,750,750,12 months,12,True,2 bathroom,1.3,5,4BHK male student house,male.house.rox@gmail.com,True,True,,Male house
5/9/24 8:50 PM,2024-05-09,looking,2 bed,mixed,,True,,brookline,early May,2025-05-27,600,600,6 months,6,True,shared,1.7,2,2BR in Brookline,brookline.2br.wanted@hotmail.com,True,True,,Near Coolidge
5/9/24 10:00 PM,2024-05-09,offering,private,female,veg,,False,brighton,June 1,2025-06-01,$850,850,flexible,,,private,2.8,1,Private veg room female,female.veg.brighton@gmail.com,True,True,,Veg female
5/10/24 7:10 AM,2024-05-10,offering,3 bed,any,,,,allston,mid May,2025-05-27,575,575,12 months,12,,shared,2.1,4,3BR near BU campus,3br.bu.allston@yahoo.com,True,True,,Near BU
5/10/24 8:25 AM,2024-05-10,looking,studio,male,veg,True,True,cambridge,June 15,2025-06-15,1000,1000,9 months,9,True,private,3.0,1,Veg studio for male,veg.male.studio.cambridge@gmail.com,True,True,True,Veg male
5/10/24 9:40 AM,2024-05-10,offering,shared,female,,,,mission hill,May 20,2025-05-20,450,450,6 months,6,True,shared,0.7,2,Female shared Mission Hill,female.mh.shared@hotmail.com,True,True,,Female roommate
5/10/24 10:55 AM,2024-05-10,offering,4 bed,mixed,non-veg,False,False,jamaica plain,ASAP,,$550,550,12 months,12,,shared,2.5,5,Budget 4BR JP,budget.4br.jp@gmail.com,True,True,,Student friendly
5/10/24 12:10 PM,2024-05-10,looking,2bhk,female,,True,,fenway,June 1,2025-06-01,650,650,flexible,,False,shared,0.6,2,2BHK for female students,female.2bhk.fenway@yahoo.com,True,True,,Female students
5/10/24 1:25 PM,2024-05-10,offering,private,male,veg,,True,longwood,May 15,2025-05-15,$900,900,9 months,9,True,private,0.3,1,Private veg room male,male.veg.longwood.apt@gmail.com,True,True,,Veg male
5/10/24 2:35 PM,2024-05-10,offering,1 bed,,vegetarian,,,back bay,available now,,1100,1100,6 months,6,True,private,1.0,1,1BR veg Back Bay,veg.1br.backbay@hotmail.com,True,True,,Veg cooking
5/10/24 3:50 PM,2024-05-10,looking,3bhk,female,non-veg,True,False,roxbury,early June,2025-06-27,710,710,12 months,12,,shared,1.4,3,3BHK for female students,female.3bhk.rox@gmail.com,True,True,,Female students
5/10/24 5:05 PM,2024-05-10,offering,studio,any,,,,brookline,June 15,2025-06-15,$1050,1050,flexible,,,private,1.8,1,Furnished studio Brookline,studio.brookline.furnished@yahoo.com,True,True,,Modern building
5/10/24 6:20 PM,2024-05-10,offering,shared,male,veg,False,True,brighton,May 1,2025-05-01,500,500,12 months,12,False,shared,2.7,2,Veg male shared Brighton,veg.male.brighton.share@gmail.com,True,True,,Veg males
5/10/24 7:30 PM,2024-05-10,looking,4bhk,,no preference,True,,allston,ASAP,,750,750,9 months,9,True,2 bathroom,2.0,4,Large 4BHK Allston,large.4bhk.allston@hotmail.com,True,True,True,Spacious needed
5/10/24 8:45 PM,2024-05-10,offering,2 bed,female,,,False,cambridge,mid June,2025-06-27,$600,600,6 months,6,True,shared,3.2,2,2BR for female students,female.2br.cambridge@gmail.com,True,True,,Female household
5/10/24 10:00 PM,2024-05-10,offering,private,mixed,veg,,,mission hill,June 1,2025-06-01,850,850,12 months,12,,private,0.8,1,Private veg room Mission Hill,veg.private.mh.apt@yahoo.com,True,True,,Veg household
